id,client_id,cvm_fund_id,cvm_class_id,fund_name,cnpj,pl,monthly_revenue,product_type,fund_type_raw,annual_fee_rate,manager_name,administrator_name,status,is_user_fund,regulation_url,revenue_formula,revenue_source,updated_at
d5e5d2d686fd4d30b38fd07fbae4f579,dd767ffef9584b1d8bd32592d414332b,56101,8248,7 FUNDO DE INVESTIMENTO MULTIMERCADO CRÉDITO PRIVADO INVESTIMENTO NO EXTERIOR,29.226.532/0001-23,66318412.49,16579.60,FIF,FIF,0.30,M8 PARTNERS GESTORA DE RECURSOS LTDA.,QI CORRETORA DE TÍTULOS E VALORES MOBILIÁRIOS S.A.,Em Funcionamento Normal,0,https://web.cvm.gov.br/app/fundosweb/fundos/regulamento/obter/por/arquivo/DOC_REGUL_72348_141907_2025_06.pdf,PL x taxa anual / 12,Calculado por regra do tipo FIF,2026-03-17T12:47:58
2d844de40daa439b9ed8a8dfa7933733,dd767ffef9584b1d8bd32592d414332b,77876,19763,AC FUNDO DE INVESTIMENTO FINANCEIRO EM AÇÕES - RESPONSABILIDADE LIMITADA,53.257.987/0001-90,171762732.44,42940.68,FIF,FIF,0.30,M8 PARTNERS GESTORA DE RECURSOS LTDA.,QI CORRETORA DE TÍTULOS E VALORES MOBILIÁRIOS S.A.,Em Funcionamento Normal,0,https://cvmweb.cvm.gov.br/SWB/default.asp?sg_sistema=fundosreg,PL x taxa anual / 12,Calculado por regra do tipo FIF,2026-03-17T12:47:58
6c8f54e8fb844838a8963a5b78f2f301,dd767ffef9584b1d8bd32592d414332b,77877,19764,AC FUNDO DE INVESTIMENTO FINANCEIRO MULTIMERCADO CRÉDITO PRIVADO INVESTIMENTO NO EXTERIOR,53.258.081/0001-90,32764235.62,8191.06,FIF,FIF,0.30,M8 PARTNERS GESTORA DE RECURSOS LTDA.,QI CORRETORA DE TÍTULOS E VALORES MOBILIÁRIOS S.A.,Em Funcionamento Normal,0,https://cvmweb.cvm.gov.br/SWB/default.asp?sg_sistema=fundosreg,PL x taxa anual / 12,Calculado por regra do tipo FIF,2026-03-17T12:47:58
940756bf00a54cd3a8897927c6169acc,dd767ffef9584b1d8bd32592d414332b,12481,31024,ADGM FUNDO DE INVESTIMENTO EM DIREITOS CREDITÓRIOS,50.491.214/0001-86,589461587.68,,FIDC,FIDC,,M8 PARTNERS GESTORA DE RECURSOS LTDA.,QI CORRETORA DE TÍTULOS E VALORES MOBILIÁRIOS S.A.,Em Funcionamento Normal,0,https://web.cvm.gov.br/app/fundosweb/fundos/regulamento/obter/por/arquivo/DOC_REGUL_73837_160949_2025_09.pdf,,CVM Dados Abertos,2026-03-17T12:15:13
13ec999041bd44399b48190dfdbdc64d,dd767ffef9584b1d8bd32592d414332b,9344,29228,AURUM - FUNDO DE INVESTIMENTO EM DIREITOS CREDITÓRIOS MULTISSETORIAL LP,15.653.649/0001-89,214074839.37,,FIDC,FIDC,,M8 PARTNERS GESTORA DE RECURSOS LTDA.,QI CORRETORA DE TÍTULOS E VALORES MOBILIÁRIOS S.A.,Em Funcionamento Normal,0,https://fnet.bmfbovespa.com.br/fnet/publico/downloadDocumento?id=938708,,CVM Dados Abertos,2026-03-17T12:15:13
43bf3414ef644c69b89afa3c8b6523ba,dd767ffef9584b1d8bd32592d414332b,14701,32858,BAHREIN I FUNDO DE INVESTIMENTO EM DIREITOS CREDITORIOS,61.306.033/0001-59,,,FIDC,FIDC,,M8 PARTNERS GESTORA DE RECURSOS LTDA.,QI CORRETORA DE TÍTULOS E VALORES MOBILIÁRIOS S.A.,Fase Pré-Operacional,0,https://fnet.bmfbovespa.com.br/fnet/publico/downloadDocumento?id=1123915,,CVM Dados Abertos,2026-03-17T12:15:13
214e49d2a23d423fa7bdfb1f3e70452d,dd767ffef9584b1d8bd32592d414332b,12779,31230,BRAVA FUNDO DE INVESTIMENTO EM DIREITOS CREDITÓRIOS,52.258.922/0001-05,36711284.34,,FIDC,FIDC,,M8 PARTNERS GESTORA DE RECURSOS LTDA.,QI CORRETORA DE TÍTULOS E VALORES MOBILIÁRIOS S.A.,Em Funcionamento Normal,0,https://web.cvm.gov.br/app/fundosweb/fundos/regulamento/obter/por/arquivo/DOC_REGUL_75952_132423_2025_04.pdf,,CVM Dados Abertos,2026-03-17T12:15:13
827398de98b24287a90b59d2a08d56cb,dd767ffef9584b1d8bd32592d414332b,11220,30167,CUPERTINO FUNDO DE INVESTIMENTO EM DIREITOS CREDITÓRIOS - RESPONSABILIDADE LIMITADA,39.769.235/0001-88,238098910.37,,FIDC,FIDC,,M8 PARTNERS GESTORA DE RECURSOS LTDA.,QI CORRETORA DE TÍTULOS E VALORES MOBILIÁRIOS S.A.,Em Funcionamento Normal,0,https://fnet.bmfbovespa.com.br/fnet/publico/downloadDocumento?id=1023665,,CVM Dados Abertos,2026-03-17T12:15:13
2ef45be834cb42158cbd3118b50e080a,dd767ffef9584b1d8bd32592d414332b,9887,29470,DIP FINANCING 11 FEEDER FUNDO DE INVESTIMENTO EM DIREITOS CREDITÓRIOS,25.246.617/0001-12,0.00,,FIDC,FIDC,,M8 PARTNERS GESTORA DE RECURSOS LTDA.,QI CORRETORA DE TÍTULOS E VALORES MOBILIÁRIOS S.A.,Em Liquidação,0,https://cvmweb.cvm.gov.br/SWB/default.asp?sg_sistema=fundosreg,,CVM Dados Abertos,2026-03-17T12:15:13
37f3e2811d274f43b14b5fcb1f7804a8,dd767ffef9584b1d8bd32592d414332b,9831,29438,DIP FINANCING 11 FUNDO DE INVESTIMENTO EM DIREITOS CREDITÓRIOS NÃO-PADRONIZADOS,24.220.859/0001-74,160324899.89,,FIDC,FIDC,,M8 PARTNERS GESTORA DE RECURSOS LTDA.,QI CORRETORA DE TÍTULOS E VALORES MOBILIÁRIOS S.A.,Em Funcionamento Normal,0,https://fnet.bmfbovespa.com.br/fnet/publico/downloadDocumento?id=1087601,,CVM Dados Abertos,2026-03-17T12:15:13
5163196613734bd3a938e4e8d0841931,dd767ffef9584b1d8bd32592d414332b,11138,30121,EMUNAH FUNDO DE INVESTIMENTO EM DIREITOS CREDITÓRIOS,38.314.663/0001-53,121018058.14,,FIDC,FIDC,,M8 PARTNERS GESTORA DE RECURSOS LTDA.,QI CORRETORA DE TÍTULOS E VALORES MOBILIÁRIOS S.A.,Em Funcionamento Normal,0,https://cvmweb.cvm.gov.br/SWB/default.asp?sg_sistema=fundosreg,,CVM Dados Abertos,2026-03-17T12:15:13
3ac4a0f66d3e4aeaaec9443d8ac44e9f,dd767ffef9584b1d8bd32592d414332b,12781,31232,F18 FUNDO DE INVESTIMENTO EM DIREITOS CREDITÓRIOS,52.259.591/0001-10,53124670.37,,FIDC,FIDC,,M8 PARTNERS GESTORA DE RECURSOS LTDA.,QI CORRETORA DE TÍTULOS E VALORES MOBILIÁRIOS S.A.,Em Funcionamento Normal,0,https://cvmweb.cvm.gov.br/SWB/default.asp?sg_sistema=fundosreg,,CVM Dados Abertos,2026-03-17T12:15:13
17e0118a22704a27a2f815993266790f,dd767ffef9584b1d8bd32592d414332b,78016,19827,FENIX8 FUNDO DE INVESTIMENTO FINANCEIRO MULTIMERCADO CRÉDITO PRIVADO,53.312.858/0001-58,55120117.81,13780.03,FIF,FIF,0.30,M8 PARTNERS GESTORA DE RECURSOS LTDA.,QI CORRETORA DE TÍTULOS E VALORES MOBILIÁRIOS S.A.,Em Funcionamento Normal,0,https://cvmweb.cvm.gov.br/SWB/default.asp?sg_sistema=fundosreg,PL x taxa anual / 12,Calculado por regra do tipo FIF,2026-03-17T12:47:58
d80fa4254c6f4667b123a6d06b89a251,dd767ffef9584b1d8bd32592d414332b,11395,30280,FOUR EVEN FUNDO DE INVESTIMENTO EM DIREITOS CREDITÓRIOS NÃO PADRONIZADOS,41.391.208/0001-66,38972115.95,,FIDC,FIDC,,M8 PARTNERS GESTORA DE RECURSOS LTDA.,QI CORRETORA DE TÍTULOS E VALORES MOBILIÁRIOS S.A.,Em Funcionamento Normal,0,https://web.cvm.gov.br/app/fundosweb/fundos/regulamento/obter/por/arquivo/DOC_REGUL_7104_150549_2025_07.pdf,,CVM Dados Abertos,2026-03-17T12:15:14
52bc9f87800845a2a441b735f3a35aee,dd767ffef9584b1d8bd32592d414332b,8737,29041,FUNDO DE INVESTIMENTO EM DIREITOS CREDITÓRIOS MULTISSETORIAL ONE7 LP,8654210000105,359938726.74,,FIDC,FIDC,,M8 PARTNERS GESTORA DE RECURSOS LTDA.,QI CORRETORA DE TÍTULOS E VALORES MOBILIÁRIOS S.A.,Em Funcionamento Normal,0,https://cvmweb.cvm.gov.br/SWB/default.asp?sg_sistema=fundosreg,,CVM Dados Abertos,2026-03-17T12:15:14
d3bd47a13edc4632a77a960d0a8cc08e,dd767ffef9584b1d8bd32592d414332b,47685,5022,GAMA 1 FUNDO DE INVESTIMENTO DE AÇÕES,18.206.983/0001-82,322139337.45,80534.83,FIF,FIF,0.30,M8 PARTNERS GESTORA DE RECURSOS LTDA.,QI CORRETORA DE TÍTULOS E VALORES MOBILIÁRIOS S.A.,Em Funcionamento Normal,0,https://web.cvm.gov.br/app/fundosweb/fundos/regulamento/obter/por/arquivo/DOC_REGUL_28676_140948_2025_06.pdf,PL x taxa anual / 12,Calculado por regra do tipo FIF,2026-03-17T12:47:58
c5b774fc25374a1c95d99f316352e9c7,dd767ffef9584b1d8bd32592d414332b,10447,29733,GAVEA OPEN FUNDO DE INVESTIMENTO EM DIREITOS CREDITÓRIOS,31.024.386/0001-03,507020072.36,,FIDC,FIDC,,M8 PARTNERS GESTORA DE RECURSOS LTDA.,QI CORRETORA DE TÍTULOS E VALORES MOBILIÁRIOS S.A.,Em Funcionamento Normal,0,https://web.cvm.gov.br/app/fundosweb/fundos/regulamento/obter/por/arquivo/DOC_REGUL_4136_180686_2026_02.pdf,,CVM Dados Abertos,2026-03-17T12:15:14
ff0c486b3dce45999b84c721c7664e70,dd767ffef9584b1d8bd32592d414332b,13275,31633,GAVEA REAL FUNDO DE INVESTIMENTO EM DIREITOS CREDITÓRIOS,54.639.537/0001-25,339224888.92,,FIDC,FIDC,,M8 PARTNERS GESTORA DE RECURSOS LTDA.,QI CORRETORA DE TÍTULOS E VALORES MOBILIÁRIOS S.A.,Em Funcionamento Normal,0,https://fnet.bmfbovespa.com.br/fnet/publico/downloadDocumento?id=943328,,CVM Dados Abertos,2026-03-17T12:15:14
38d849a6d8e7493ab0124208d675f055,dd767ffef9584b1d8bd32592d414332b,9476,29272,GAVEA SUL FUNDO DE INVESTIMENTO EM DIREITOS CREDITÓRIOS MULTISSETORIAL LP,18.185.812/0001-14,447405294.23,,FIDC,FIDC,,M8 PARTNERS GESTORA DE RECURSOS LTDA.,QI CORRETORA DE TÍTULOS E VALORES MOBILIÁRIOS S.A.,Em Funcionamento Normal,0,https://web.cvm.gov.br/app/fundosweb/fundos/regulamento/obter/por/arquivo/DOC_REGUL_2111_164459_2025_10.pdf,,CVM Dados Abertos,2026-03-17T12:15:14
537ebb1d91b64d28bde0b4ea521ccfc9,dd767ffef9584b1d8bd32592d414332b,12793,31241,IOX REAL FUNDO DE INVESTIMENTO EM DIREITOS CREDITÓRIOS,52.298.532/0001-50,92157827.09,,FIDC,FIDC,,M8 PARTNERS GESTORA DE RECURSOS LTDA.,QI CORRETORA DE TÍTULOS E VALORES MOBILIÁRIOS S.A.,Em Funcionamento Normal,0,https://web.cvm.gov.br/app/fundosweb/fundos/regulamento/obter/por/arquivo/DOC_REGUL_76085_171791_2025_12.pdf,,CVM Dados Abertos,2026-03-17T12:15:14
57e65a6d16594f81bd8c63bcfbbede9e,dd767ffef9584b1d8bd32592d414332b,12126,30760,IOX SPECIAL FUNDO DE INVESTIMENTO EM DIREITOS CREDITORIOS NÃO PADRONIZADO,47.425.662/0001-77,180105416.83,,FIDC,FIDC,,M8 PARTNERS GESTORA DE RECURSOS LTDA.,QI CORRETORA DE TÍTULOS E VALORES MOBILIÁRIOS S.A.,Em Funcionamento Normal,0,https://fnet.bmfbovespa.com.br/fnet/publico/downloadDocumento?id=1047082,,CVM Dados Abertos,2026-03-17T12:15:14
7964b226e6f843549d1ef35d2771179f,dd767ffef9584b1d8bd32592d414332b,56175,8280,M8 HIGH YIELD FUNDO DE INVESTIMENTO MULTIMERCADO CRÉDITO PRIVADO,29.242.761/0001-31,96503400.32,24125.85,FIF,FIF,0.30,M8 PARTNERS GESTORA DE RECURSOS LTDA.,QI CORRETORA DE TÍTULOS E VALORES MOBILIÁRIOS S.A.,Em Funcionamento Normal,0,https://web.cvm.gov.br/app/fundosweb/fundos/regulamento/obter/por/arquivo/DOC_REGUL_37115_174747_2026_01.pdf,PL x taxa anual / 12,Calculado por regra do tipo FIF,2026-03-17T12:47:58
e5fd5c28690945ec941f947fc2d52a63,dd767ffef9584b1d8bd32592d414332b,11209,30159,MS MULTI FUNDO DE INVESTIMENTO EM DIREITOS CREDITÓRIOS,39.664.088/0001-81,0.00,,FIDC,FIDC,,M8 PARTNERS GESTORA DE RECURSOS LTDA.,QI CORRETORA DE TÍTULOS E VALORES MOBILIÁRIOS S.A.,Em Liquidação,0,https://fnet.bmfbovespa.com.br/fnet/publico/downloadDocumento?id=994464,,CVM Dados Abertos,2026-03-17T12:15:14
b32cb5951c404c39986306de570769c5,dd767ffef9584b1d8bd32592d414332b,10875,29960,MS OPEN FUNDO DE INVESTIMENTO EM DIREITOS CREDITÓRIOS,35.654.917/0001-94,138464544.36,,FIDC,FIDC,,M8 PARTNERS GESTORA DE RECURSOS LTDA.,QI CORRETORA DE TÍTULOS E VALORES MOBILIÁRIOS S.A.,Em Funcionamento Normal,0,https://web.cvm.gov.br/app/fundosweb/fundos/regulamento/obter/por/arquivo/DOC_REGUL_6172_172622_2025_12.pdf,,CVM Dados Abertos,2026-03-17T12:15:14
f826131ea91947e3a4da09332f728fcb,dd767ffef9584b1d8bd32592d414332b,15157,33273,ORIGINAL II FUNDO DE INVESTIMENTO EM DIREITOS CREDITÓRIOS,63.310.209/0001-71,481507.55,,FIDC,FIDC,,M8 PARTNERS GESTORA DE RECURSOS LTDA.,QI CORRETORA DE TÍTULOS E VALORES MOBILIÁRIOS S.A.,Em Funcionamento Normal,0,https://fnet.bmfbovespa.com.br/fnet/publico/downloadDocumento?id=1064696,,CVM Dados Abertos,2026-03-17T12:15:14
fedc7a7b6b6145969b4b353796a107c5,dd767ffef9584b1d8bd32592d414332b,70685,15495,PEGASUS FUNDO DE INVESTIMENTO MULTIMERCADO CRÉDITO PRIVADO IE,43.237.417/0001-85,1310588453.07,327647.11,FIF,FIF,0.30,M8 PARTNERS GESTORA DE RECURSOS LTDA.,QI CORRETORA DE TÍTULOS E VALORES MOBILIÁRIOS S.A.,Em Funcionamento Normal,0,https://web.cvm.gov.br/app/fundosweb/fundos/regulamento/obter/por/arquivo/DOC_REGUL_53098_144312_2025_06.pdf,PL x taxa anual / 12,Calculado por regra do tipo FIF,2026-03-17T12:47:58
3011d55aa679490d9a2b222734534107,dd767ffef9584b1d8bd32592d414332b,83692,24534,PEGASUS II FUNDO DE INVESTIMENTO FINANCEIRO MULTIMERCADO CRÉDITO PRIVADO,62.062.346/0001-71,0.00,0.00,FIF,FIF,0.30,M8 PARTNERS GESTORA DE RECURSOS LTDA.,QI CORRETORA DE TÍTULOS E VALORES MOBILIÁRIOS S.A.,Em Liquidação,0,https://web.cvm.gov.br/app/fundosweb/fundos/regulamento/obter/por/arquivo/DOC_REGUL_90885_154068_2025_08.pdf,PL x taxa anual / 12,Calculado por regra do tipo FIF,2026-03-17T12:47:58
084a14d5f6b54e8fa1ad6d028a2ed06a,dd767ffef9584b1d8bd32592d414332b,11185,30143,PHD FEEDER FUNDO DE INVESTIMENTO EM DIREITOS CREDITÓRIOS,39.270.085/0001-63,35552866.31,,FIDC,FIDC,,M8 PARTNERS GESTORA DE RECURSOS LTDA.,QI CORRETORA DE TÍTULOS E VALORES MOBILIÁRIOS S.A.,Em Funcionamento Normal,0,https://cvmweb.cvm.gov.br/SWB/default.asp?sg_sistema=fundosreg,,CVM Dados Abertos,2026-03-17T12:15:14
ea67826aa8e846939faaa10a53f81c9e,dd767ffef9584b1d8bd32592d414332b,11217,30165,PHD FUNDO DE INVESTIMENTO EM DIREITOS CREDITÓRIOS,39.769.038/0001-69,208481207.25,,FIDC,FIDC,,M8 PARTNERS GESTORA DE RECURSOS LTDA.,QI CORRETORA DE TÍTULOS E VALORES MOBILIÁRIOS S.A.,Em Funcionamento Normal,0,https://web.cvm.gov.br/app/fundosweb/fundos/regulamento/obter/por/arquivo/DOC_REGUL_6983_151773_2025_07.pdf,,CVM Dados Abertos,2026-03-17T12:15:14
bf2b3dc180a84a42bbe4fe5a1a63f19d,dd767ffef9584b1d8bd32592d414332b,10872,29959,PLATINUM FUNDO DE INVESTIMENTO EM DIREITOS CREDITÓRIOS,35.654.837/0001-39,28776348.57,,FIDC,FIDC,,M8 PARTNERS GESTORA DE RECURSOS LTDA.,QI CORRETORA DE TÍTULOS E VALORES MOBILIÁRIOS S.A.,Em Funcionamento Normal,0,https://cvmweb.cvm.gov.br/SWB/default.asp?sg_sistema=fundosreg,,CVM Dados Abertos,2026-03-17T12:15:14
7db08983c8544d789f189fe40de8fdcd,dd767ffef9584b1d8bd32592d414332b,9239,29192,PUMA FUNDO DE INVESTIMENTO EM DIREITOS CREDITORIOS NÃO PADRONIZADOS MULTISSETORIAL,13.805.152/0001-03,255684694.33,,FIDC,FIDC,,M8 PARTNERS GESTORA DE RECURSOS LTDA.,QI CORRETORA DE TÍTULOS E VALORES MOBILIÁRIOS S.A.,Em Funcionamento Normal,0,https://web.cvm.gov.br/app/fundosweb/fundos/regulamento/obter/por/arquivo/DOC_REGUL_1468_183524_2026_03.pdf,,CVM Dados Abertos,2026-03-17T12:15:14
deefea698cb6468887e51f6122da1c86,dd767ffef9584b1d8bd32592d414332b,47684,5021,REDMOND FUNDO DE INVESTIMENTO DE AÇÕES,18.206.970/0001-03,338528809.89,84632.20,FIF,FIF,0.30,M8 PARTNERS GESTORA DE RECURSOS LTDA.,QI CORRETORA DE TÍTULOS E VALORES MOBILIÁRIOS S.A.,Em Funcionamento Normal,0,https://web.cvm.gov.br/app/fundosweb/fundos/regulamento/obter/por/arquivo/DOC_REGUL_28675_141908_2025_06.pdf,PL x taxa anual / 12,Calculado por regra do tipo FIF,2026-03-17T12:47:58
a2ae986d1153499e90046eafa5739990,dd767ffef9584b1d8bd32592d414332b,11904,30597,SC FUNDO DE INVESTIMENTO EM DIREITOS CREDITÓRIOS,45.523.882/0001-08,40981324.07,,FIDC,FIDC,,M8 PARTNERS GESTORA DE RECURSOS LTDA.,QI CORRETORA DE TÍTULOS E VALORES MOBILIÁRIOS S.A.,Em Funcionamento Normal,0,https://cvmweb.cvm.gov.br/SWB/default.asp?sg_sistema=fundosreg,,CVM Dados Abertos,2026-03-17T12:15:14
f064ff1a9c314f83b0b7249d1d7183d6,dd767ffef9584b1d8bd32592d414332b,12780,31231,SFT CI FUNDO DE INVESTIMENTO EM DIREITOS CREDITÓRIOS,52.259.540/0001-98,110974301.81,,FIDC,FIDC,,M8 PARTNERS GESTORA DE RECURSOS LTDA.,QI CORRETORA DE TÍTULOS E VALORES MOBILIÁRIOS S.A.,Em Funcionamento Normal,0,https://web.cvm.gov.br/app/fundosweb/fundos/regulamento/obter/por/arquivo/DOC_REGUL_75967_152438_2025_07.pdf,,CVM Dados Abertos,2026-03-17T12:15:14
49362246af1f4344aca8d54e60b7d1f4,dd767ffef9584b1d8bd32592d414332b,10287,29663,SIGMA CREDIT FEEDER FUNDO DE INVESTIMENTO EM DIREITOS CREDITÓRIOS,29.461.840/0001-33,22302958.30,,FIDC,FIDC,,M8 PARTNERS GESTORA DE RECURSOS LTDA.,QI CORRETORA DE TÍTULOS E VALORES MOBILIÁRIOS S.A.,Em Funcionamento Normal,0,https://cvmweb.cvm.gov.br/SWB/default.asp?sg_sistema=fundosreg,,CVM Dados Abertos,2026-03-17T12:15:14
674a59e16c9c461ca0e7b1d8d81d4b65,dd767ffef9584b1d8bd32592d414332b,10248,29641,SIGMA CREDIT FUNDO DE INVESTIMENTO EM DIREITOS CREDITORIOS,29.236.426/0001-20,122176995.57,,FIDC,FIDC,,M8 PARTNERS GESTORA DE RECURSOS LTDA.,QI CORRETORA DE TÍTULOS E VALORES MOBILIÁRIOS S.A.,Em Funcionamento Normal,0,https://cvmweb.cvm.gov.br/SWB/default.asp?sg_sistema=fundosreg,,CVM Dados Abertos,2026-03-17T12:15:14
7817d21b2c214b1bb366b3f96c2f9afd,dd767ffef9584b1d8bd32592d414332b,9506,29286,SPREAD INVESTIMENTOS FUNDO DE INVESTIMENTO EM DIREITOS CREDITÓRIOS,18.911.897/0001-70,539852247.21,,FIDC,FIDC,,M8 PARTNERS GESTORA DE RECURSOS LTDA.,QI CORRETORA DE TÍTULOS E VALORES MOBILIÁRIOS S.A.,Em Funcionamento Normal,0,https://web.cvm.gov.br/app/fundosweb/fundos/regulamento/obter/por/arquivo/DOC_REGUL_77714_165524_2025_10.pdf,,CVM Dados Abertos,2026-03-17T12:15:14
cfc83a7a1aff480e92122fc4e9d3c72d,dd767ffef9584b1d8bd32592d414332b,11193,30150,STARTER FUNDO DE INVESTIMENTO EM DIREITOS CREDITÓRIOS,39.380.171/0001-29,216691551.28,,FIDC,FIDC,,M8 PARTNERS GESTORA DE RECURSOS LTDA.,QI CORRETORA DE TÍTULOS E VALORES MOBILIÁRIOS S.A.,Em Funcionamento Normal,0,https://cvmweb.cvm.gov.br/SWB/default.asp?sg_sistema=fundosreg,,CVM Dados Abertos,2026-03-17T12:15:14
69a08e890a364304b96c52a4738b4ac8,dd767ffef9584b1d8bd32592d414332b,11374,30268,SUBLIME FUNDO DE  INVESTIMENTO EM COTAS DE FUNDO DE INVESTIMENTO EM DIREITOS  CREDITÓRIOS,41.251.934/0001-83,21992512.66,,FIDC,FIDC,,M8 PARTNERS GESTORA DE RECURSOS LTDA.,QI CORRETORA DE TÍTULOS E VALORES MOBILIÁRIOS S.A.,Em Funcionamento Normal,0,https://web.cvm.gov.br/app/fundosweb/fundos/regulamento/obter/por/arquivo/DOC_REGUL_77479_180248_2026_02.pdf,,CVM Dados Abertos,2026-03-17T12:15:14
9109f9eaa6434f72b7a5e322ecd1a28b,dd767ffef9584b1d8bd32592d414332b,13146,31524,SUPER BOX FUNDO DE INVESTIMENTO EM DIREITOS CREDITÓRIOS,54.028.640/0001-39,145734488.77,,FIDC,FIDC,,M8 PARTNERS GESTORA DE RECURSOS LTDA.,QI CORRETORA DE TÍTULOS E VALORES MOBILIÁRIOS S.A.,Em Funcionamento Normal,0,https://web.cvm.gov.br/app/fundosweb/fundos/regulamento/obter/por/arquivo/DOC_REGUL_80470_172480_2025_12.pdf,,CVM Dados Abertos,2026-03-17T12:15:14
